Protocollo;Gruppo;DataOraIncidente;Localizzazione1;STRADA1;Localizzazione2;STRADA2;Strada02;Chilometrica;DaSpecificare;NaturaIncidente;particolaritastrade;TipoStrada;FondoStradale;Pavimentazione;Segnaletica;CondizioneAtmosferica;Traffico;Visibilita;Illuminazione;NUM_FERITI;NUM_RISERVATA;NUM_MORTI;NUM_ILLESI;Longitudine;Latitudine;Confermato;Progressivo;TipoVeicolo;StatoVeicolo;TipoPersona;Sesso;Tipolesione;Deceduto;DecedutoDopo;CinturaCascoUtilizzato;Airbag
1863965;2;01/02/2011 22:10;Strada Urbana;VIALE LIEGI;in prossimità;;del civico n. ;46;;Tamponamento Multiplo;Rettilineo;Una carreggiata a doppio senso;Asciutto;Asfaltata;Verticale ed orizzontale;Sereno;Scarso;Sufficiente;Sufficiente;1;0;0;3;;;-1;2;Autovettura privata;In marcia / fermata / arresto;Conducente;M;Rimandato;0;NON DECEDUTO;Non accertato;Inesistente
1863965;2;01/02/2011 22:10;Strada Urbana;VIALE LIEGI;in prossimità;;del civico n. ;46;;Tamponamento Multiplo;Rettilineo;Una carreggiata a doppio senso;Asciutto;Asfaltata;Verticale ed orizzontale;Sereno;Scarso;Sufficiente;Sufficiente;1;0;0;3;;;-1;3;Autovettura privata;In marcia / fermata / arresto;Conducente;F;Illeso;0;;Non accertato;Inesistente
1863966;2;01/02/2011 19:35;Strada Urbana;LUNGOTEVERE FLAMINIO;da specificare;;;;altezza piazza gentile da fabriano;Scontro laterale fra veicoli in marcia;Rettilineo;Una carreggiata a doppio senso;Asciutto;Asfaltata;Verticale ed orizzontale;Nuvoloso;Intenso;Buona;Sufficiente;0;0;0;2;;;-1;1;Autovettura privata;In marcia / fermata / arresto;Conducente;M;Illeso;0;;Non accertato;Inesistente
1863966;2;01/02/2011 19:35;Strada Urbana;LUNGOTEVERE FLAMINIO;da specificare;;;;altezza piazza gentile da fabriano;Scontro laterale fra veicoli in marcia;Rettilineo;Una carreggiata a doppio senso;Asciutto;Asfaltata;Verticale ed orizzontale;Nuvoloso;Intenso;Buona;Sufficiente;0;0;0;2;;;-1;2;Autovettura privata;In marcia / fermata / arresto;Conducente;M;Illeso;0;;Non accertato;Inesistente
1863967;9;01/02/2011 18:20;Strada Urbana;VIA LA SPEZIA;all'intersezione con;VIA POZZUOLI;VIA POZZUOLI;;;Scontro laterale fra veicoli in marcia;Incrocio;Una carreggiata a senso unico di marcia;Asciutto;Asfaltata;Verticale;Sereno;Normale;Buona;Ore Diurne;0;0;0;2;;;-1;1;Autovettura privata;In marcia / fermata / arresto;Conducente;F;Illeso;0;;Non accertato;Inesistente
1863967;9;01/02/2011 18:20;Strada Urbana;VIA LA SPEZIA;all'intersezione con;VIA POZZUOLI;VIA POZZUOLI;;;Scontro laterale fra veicoli in marcia;Incrocio;Una carreggiata a senso unico di marcia;Asciutto;Asfaltata;Verticale;Sereno;Normale;Buona;Ore Diurne;0;0;0;2;;;-1;2;Autocarro inferiore 35 q.;In marcia / fermata / arresto;Conducente;M;Illeso;0;;Non accertato;Inesistente
1863968;6;02/02/2011 10:30;Strada Urbana;VIA DEGLI ANGELI;all'intersezione con;VIA DI TOR PIGNATTARA;VIA DI TOR PIGNATTARA;;;Scontro laterale fra veicoli in marcia;Incrocio;Una carreggiata a senso unico di marcia;Asciutto;Asfaltata;Verticale ed orizzontale;Sereno;Intenso;Buona;Ore Diurne;0;0;0;3;;;-1;1;Autovettura di polizia;In marcia / fermata / arresto;Conducente;M;Illeso;0;;Non accertato;Inesistente
1863968;6;02/02/2011 10:30;Strada Urbana;VIA DEGLI ANGELI;all'intersezione con;VIA DI TOR PIGNATTARA;VIA DI TOR PIGNATTARA;;;Scontro laterale fra veicoli in marcia;Incrocio;Una carreggiata a senso unico di marcia;Asciutto;Asfaltata;Verticale ed orizzontale;Sereno;Intenso;Buona;Ore Diurne;0;0;0;3;;;-1;1;Autovettura di polizia;In marcia / fermata / arresto;Passeggero;M;Illeso;0;;Non accertato;Inesistente
1863968;6;02/02/2011 10:30;Strada Urbana;VIA DEGLI ANGELI;all'intersezione con;VIA DI TOR PIGNATTARA;VIA DI TOR PIGNATTARA;;;Scontro laterale fra veicoli in marcia;Incrocio;Una carreggiata a senso unico di marcia;Asciutto;Asfaltata;Verticale ed orizzontale;Sereno;Intenso;Buona;Ore Diurne;0;0;0;3;;;-1;2;Autovettura privata;In marcia / fermata / arresto;Conducente;F;Illeso;0;;Non accertato;Inesistente
1863971;12;02/02/2011 08:55;Strada Urbana;VIA DI TOR PAGNOTTA;in corrispondenza;;del civico n. ;88;;Scontro frontale fra veicoli in marcia;Rettilineo;Una carreggiata a doppio senso;Asciutto;Asfaltata;Verticale ed orizzontale;Sereno;Scarso;Buona;Ore Diurne;0;0;0;3;;;-1;1;Autovettura privata;In marcia / fermata / arresto;Conducente;F;Illeso;0;;Utilizzato;Inesploso
1863971;12;02/02/2011 08:55;Strada Urbana;VIA DI TOR PAGNOTTA;in corrispondenza;;del civico n. ;88;;Scontro frontale fra veicoli in marcia;Rettilineo;Una carreggiata a doppio senso;Asciutto;Asfaltata;Verticale ed orizzontale;Sereno;Scarso;Buona;Ore Diurne;0;0;0;3;;;-1;2;Autovettura privata;In marcia / fermata / arresto;Conducente;M;Illeso;0;;Utilizzato;Inesploso
1863971;12;02/02/2011 08:55;Strada Urbana;VIA DI TOR PAGNOTTA;in corrispondenza;;del civico n. ;88;;Scontro frontale fra veicoli in marcia;Rettilineo;Una carreggiata a doppio senso;Asciutto;Asfaltata;Verticale ed orizzontale;Sereno;Scarso;Buona;Ore Diurne;0;0;0;3;;;-1;2;Autovettura privata;In marcia / fermata / arresto;Passeggero;F;Illeso;0;;Utilizzato;Inesistente
1863972;12;02/02/2011 10:00;Strada Urbana;PIAZZALE CINA;da specificare;;;;area di parcheggio;Investimento di pedone;Rettilineo;Più di due carreggiate;Asciutto;Asfaltata;Assente;Sereno;Scarso;Buona;Ore Diurne;1;0;0;1;;;-1;;;;Pedone;F;Ricoverato;0;NON DECEDUTO;;
1863972;12;02/02/2011 10:00;Strada Urbana;PIAZZALE CINA;da specificare;;;;area di parcheggio;Investimento di pedone;Rettilineo;Più di due carreggiate;Asciutto;Asfaltata;Assente;Sereno;Scarso;Buona;Ore Diurne;1;0;0;1;;;-1;1;Autovettura privata;In marcia / fermata / arresto;Conducente;M;Illeso;0;;Utilizzato;Inesploso
1863973;12;02/02/2011 10:10;Strada Urbana;VIA DI CASTEL DI LEVA;all'intersezione con;VIA PIETRO CUPPARI;VIA PIETRO CUPPARI;;;Scontro frontale fra veicoli in marcia;Incrocio;Una carreggiata a doppio senso;Asciutto;Asfaltata;Verticale ed orizzontale;Sereno;Normale;Buona;Ore Diurne;1;0;0;3;;;-1;1;Autovettura privata;In marcia / fermata / arresto;Conducente;M;Illeso;0;;Utilizzato;Inesistente
1863973;12;02/02/2011 10:10;Strada Urbana;VIA DI CASTEL DI LEVA;all'intersezione con;VIA PIETRO CUPPARI;VIA PIETRO CUPPARI;;;Scontro frontale fra veicoli in marcia;Incrocio;Una carreggiata a doppio senso;Asciutto;Asfaltata;Verticale ed orizzontale;Sereno;Normale;Buona;Ore Diurne;1;0;0;3;;;-1;1;Autovettura privata;In marcia / fermata / arresto;Passeggero;M;Rimandato;0;NON DECEDUTO;Utilizzato;Inesploso
1863973;12;02/02/2011 10:10;Strada Urbana;VIA DI CASTEL DI LEVA;all'intersezione con;VIA PIETRO CUPPARI;VIA PIETRO CUPPARI;;;Scontro frontale fra veicoli in marcia;Incrocio;Una carreggiata a doppio senso;Asciutto;Asfaltata;Verticale ed orizzontale;Sereno;Normale;Buona;Ore Diurne;1;0;0;3;;;-1;2;Autovettura privata;In marcia / fermata / arresto;Conducente;M;Illeso;0;;Utilizzato;Inesploso
1863973;12;02/02/2011 10:10;Strada Urbana;VIA DI CASTEL DI LEVA;all'intersezione con;VIA PIETRO CUPPARI;VIA PIETRO CUPPARI;;;Scontro frontale fra veicoli in marcia;Incrocio;Una carreggiata a doppio senso;Asciutto;Asfaltata;Verticale ed orizzontale;Sereno;Normale;Buona;Ore Diurne;1;0;0;3;;;-1;3;Autovettura privata;In marcia / fermata / arresto;Conducente;M;Illeso;0;;Utilizzato;Inesploso
1863975;18;01/02/2011;Strada Urbana;VIA LEONE XIII;in prossimità;;del civico n. ;327;;Veicolo in marcia contro veicolo in sosta;Rettilineo;Due carreggiate;Asciutto;Asfaltata;Verticale ed orizzontale;Sereno;Scarso;Buona;Sufficiente;0;0;0;1;;;-1;2;Autovettura privata;In marcia / fermata / arresto;Conducente;M;Illeso;0;;Non accertato;Inesploso
1863976;6;02/02/2011 12:10;Strada Urbana;VIALE DELLA VENEZIA GIULIA;all'intersezione con;VIA MONTONA;VIA MONTONA;;;Scontro frontale/laterale SX fra veicoli in marcia;Incrocio;Una carreggiata a doppio senso;Asciutto;Asfaltata;Verticale ed orizzontale;Sereno;Normale;Sufficiente;Ore Diurne;1;0;0;1;;;-1;1;Autovettura privata;In marcia / fermata / arresto;Conducente;M;Rifiuta cure immediate;0;NON DECEDUTO;Non accertato;Inesistente
1863976;6;02/02/2011 12:10;Strada Urbana;VIALE DELLA VENEZIA GIULIA;all'intersezione con;VIA MONTONA;VIA MONTONA;;;Scontro frontale/laterale SX fra veicoli in marcia;Incrocio;Una carreggiata a doppio senso;Asciutto;Asfaltata;Verticale ed orizzontale;Sereno;Normale;Sufficiente;Ore Diurne;1;0;0;1;;;-1;2;Autovettura privata;In marcia / fermata / arresto;Conducente;M;Illeso;0;;Non accertato;Inesistente
1863978;18;01/02/2011 06:45;Strada Urbana;VIA DI BOCCEA;in prossimità;;del fronte civico n. ;410;;Scontro laterale fra veicoli in marcia;Rettilineo;Due carreggiate;Asciutto;Asfaltata;Verticale ed orizzontale;Sereno;Intenso;Buona;Ore Diurne;1;0;0;1;;;-1;1;Autovettura privata;In marcia / fermata / arresto;Conducente;M;Rifiuta cure immediate;0;NON DECEDUTO;Non accertato;Inesploso
1863978;18;01/02/2011 06:45;Strada Urbana;VIA DI BOCCEA;in prossimità;;del fronte civico n. ;410;;Scontro laterale fra veicoli in marcia;Rettilineo;Due carreggiate;Asciutto;Asfaltata;Verticale ed orizzontale;Sereno;Intenso;Buona;Ore Diurne;1;0;0;1;;;-1;2;Autocarro inferiore 35 q.;In marcia / fermata / arresto;Conducente;M;Illeso;0;;Non accertato;Inesploso
1863982;18;01/02/2011 08:00;Strada Urbana;VIA MATTIA BATTISTINI;all'intersezione con;VIA ADRIANO I;VIA ADRIANO I;;;Scontro frontale/laterale DX fra veicoli in marcia;Intersezione non regolata/non segnalata;Due carreggiate;Asciutto;Asfaltata;Orizzontale;Sereno;Intenso;Buona;Ore Diurne;0;0;0;4;;;-1;1;Autovettura privata;In marcia / fermata / arresto;Conducente;F;Illeso;0;;Utilizzato;Inesploso
1863982;18;01/02/2011 08:00;Strada Urbana;VIA MATTIA BATTISTINI;all'intersezione con;VIA ADRIANO I;VIA ADRIANO I;;;Scontro frontale/laterale DX fra veicoli in marcia;Intersezione non regolata/non segnalata;Due carreggiate;Asciutto;Asfaltata;Orizzontale;Sereno;Intenso;Buona;Ore Diurne;0;0;0;4;;;-1;1;Autovettura privata;In marcia / fermata / arresto;Passeggero;F;Illeso;0;;Utilizzato;Inesploso
1863982;18;01/02/2011 08:00;Strada Urbana;VIA MATTIA BATTISTINI;all'intersezione con;VIA ADRIANO I;VIA ADRIANO I;;;Scontro frontale/laterale DX fra veicoli in marcia;Intersezione non regolata/non segnalata;Due carreggiate;Asciutto;Asfaltata;Orizzontale;Sereno;Intenso;Buona;Ore Diurne;0;0;0;4;;;-1;1;Autovettura privata;In marcia / fermata / arresto;Passeggero;M;Illeso;0;;Utilizzato;Inesploso
1863982;18;01/02/2011 08:00;Strada Urbana;VIA MATTIA BATTISTINI;all'intersezione con;VIA ADRIANO I;VIA ADRIANO I;;;Scontro frontale/laterale DX fra veicoli in marcia;Intersezione non regolata/non segnalata;Due carreggiate;Asciutto;Asfaltata;Orizzontale;Sereno;Intenso;Buona;Ore Diurne;0;0;0;4;;;-1;2;Motociclo a solo;In marcia / fermata / arresto;Conducente;M;Illeso;0;;Utilizzato;Inesistente
1863984;17;01/02/2011 11:40;Strada Urbana;VIA ANDREA DORIA;all'intersezione con;VIA GIORDANO BRUNO;VIA GIORDANO BRUNO;;;Investimento di pedone;Incrocio;Una carreggiata a doppio senso;Asciutto;Asfaltata;Verticale ed orizzontale;Nuvoloso;Normale;Buona;Ore Diurne;2;0;0;1;;;-1;;;;Pedone;F;Ricoverato;0;NON DECEDUTO;;
1863984;17;01/02/2011 11:40;Strada Urbana;VIA ANDREA DORIA;all'intersezione con;VIA GIORDANO BRUNO;VIA GIORDANO BRUNO;;;Investimento di pedone;Incrocio;Una carreggiata a doppio senso;Asciutto;Asfaltata;Verticale ed orizzontale;Nuvoloso;Normale;Buona;Ore Diurne;2;0;0;1;;;-1;;;;Pedone;M;Rimandato;0;NON DECEDUTO;;
1863984;17;01/02/2011 11:40;Strada Urbana;VIA ANDREA DORIA;all'intersezione con;VIA GIORDANO BRUNO;VIA GIORDANO BRUNO;;;Investimento di pedone;Incrocio;Una carreggiata a doppio senso;Asciutto;Asfaltata;Verticale ed orizzontale;Nuvoloso;Normale;Buona;Ore Diurne;2;0;0;1;;;-1;1;Autovettura privata;In marcia / fermata / arresto;Conducente;F;Illeso;0;;Non accertato;Inesistente
1863988;18;01/02/2011 13:00;Strada Urbana;VIA DI BOCCEA;all'intersezione con;VIA DEL CASTELLO DI PORCARECCIA;VIA DEL CASTELLO DI PORCARECCIA;;;Scontro frontale/laterale DX fra veicoli in marcia;Incrocio;Una carreggiata a doppio senso;Asciutto;Asfaltata;Verticale ed orizzontale;Sereno;Normale;Buona;Ore Diurne;2;0;0;2;;;-1;1;Autovettura privata;In marcia / fermata / arresto;Conducente;M;Illeso;0;;Non accertato;Inesistente
1863988;18;01/02/2011 13:00;Strada Urbana;VIA DI BOCCEA;all'intersezione con;VIA DEL CASTELLO DI PORCARECCIA;VIA DEL CASTELLO DI PORCARECCIA;;;Scontro frontale/laterale DX fra veicoli in marcia;Incrocio;Una carreggiata a doppio senso;Asciutto;Asfaltata;Verticale ed orizzontale;Sereno;Normale;Buona;Ore Diurne;2;0;0;2;;;-1;2;Motociclo a solo;In marcia / fermata / arresto;Conducente;M;Ricoverato;0;NON DECEDUTO;Non accertato;Inesistente
1863988;18;01/02/2011 13:00;Strada Urbana;VIA DI BOCCEA;all'intersezione con;VIA DEL CASTELLO DI PORCARECCIA;VIA DEL CASTELLO DI PORCARECCIA;;;Scontro frontale/laterale DX fra veicoli in marcia;Incrocio;Una carreggiata a doppio senso;Asciutto;Asfaltata;Verticale ed orizzontale;Sereno;Normale;Buona;Ore Diurne;2;0;0;2;;;-1;2;Motociclo a solo;In marcia / fermata / arresto;Passeggero;M;Rimandato;0;NON DECEDUTO;Non accertato;Inesistente
1863988;18;01/02/2011 13:00;Strada Urbana;VIA DI BOCCEA;all'intersezione con;VIA DEL CASTELLO DI PORCARECCIA;VIA DEL CASTELLO DI PORCARECCIA;;;Scontro frontale/laterale DX fra veicoli in marcia;Incrocio;Una carreggiata a doppio senso;Asciutto;Asfaltata;Verticale ed orizzontale;Sereno;Normale;Buona;Ore Diurne;2;0;0;2;;;-1;3;Autovettura privata;In marcia / fermata / arresto;Conducente;M;Illeso;0;;Non accertato;Inesploso
1863991;17;01/02/2011 11:50;Strada Urbana;LUNGOTEVERE DELLE ARMI;in prossimità;;del civico n. ;12;;Scontro laterale fra veicoli in marcia;Rettilineo;Una carreggiata a senso unico di marcia;Asciutto;Asfaltata;Verticale ed orizzontale;Nuvoloso;Intenso;Buona;Ore Diurne;0;0;0;2;;;-1;1;Autovettura privata;In marcia / fermata / arresto;Conducente;F;Illeso;0;;Non accertato;Inesploso
1863991;17;01/02/2011 11:50;Strada Urbana;LUNGOTEVERE DELLE ARMI;in prossimità;;del civico n. ;12;;Scontro laterale fra veicoli in marcia;Rettilineo;Una carreggiata a senso unico di marcia;Asciutto;Asfaltata;Verticale ed orizzontale;Nuvoloso;Intenso;Buona;Ore Diurne;0;0;0;2;;;-1;1;Autovettura privata;In marcia / fermata / arresto;Passeggero;F;Illeso;0;;Non accertato;Inesploso
1863992;18;02/02/2011 07:00;Strada Urbana;VIA AURELIA;all'intersezione semaforizzata con;PIAZZA S. GIOVANNI BATTISTA DE LA SALLE;PIAZZA S. GIOVANNI BATTISTA DE LA SALLE;;;Tamponamento;Intersezione semaforizzata;Due carreggiate;Asciutto;Asfaltata;Verticale ed orizzontale;Sereno;Normale;Buona;Ore Diurne;0;0;0;2;;;-1;1;Autovettura privata;In marcia / fermata / arresto;Conducente;M;Illeso;0;;Non accertato;Inesploso
1863992;18;02/02/2011 07:00;Strada Urbana;VIA AURELIA;all'intersezione semaforizzata con;PIAZZA S. GIOVANNI BATTISTA DE LA SALLE;PIAZZA S. GIOVANNI BATTISTA DE LA SALLE;;;Tamponamento;Intersezione semaforizzata;Due carreggiate;Asciutto;Asfaltata;Verticale ed orizzontale;Sereno;Normale;Buona;Ore Diurne;0;0;0;2;;;-1;2;Autoarticolato;In marcia / fermata / arresto;Conducente;M;Illeso;0;;Non accertato;Inesploso
1863995;12;02/02/2011 13:30;Strada Urbana;VIALE DEI CADUTI PER LA RESISTENZA;all'intersezione con;VIA DEGLI EROI DI COO;VIA DEGLI EROI DI COO;;;Tamponamento;Incrocio;Una carreggiata a senso unico di marcia;Asciutto;Asfaltata;Orizzontale;Nuvoloso;Normale;Buona;Ore Diurne;1;0;0;2;;;-1;;;;Pedone;M;Rimandato;0;NON DECEDUTO;;
1863995;12;02/02/2011 13:30;Strada Urbana;VIALE DEI CADUTI PER LA RESISTENZA;all'intersezione con;VIA DEGLI EROI DI COO;VIA DEGLI EROI DI COO;;;Tamponamento;Incrocio;Una carreggiata a senso unico di marcia;Asciutto;Asfaltata;Orizzontale;Nuvoloso;Normale;Buona;Ore Diurne;1;0;0;2;;;-1;1;Autovettura privata;In marcia / fermata / arresto;Conducente;F;Illeso;0;;Utilizzato;Inesploso
1863995;12;02/02/2011 13:30;Strada Urbana;VIALE DEI CADUTI PER LA RESISTENZA;all'intersezione con;VIA DEGLI EROI DI COO;VIA DEGLI EROI DI COO;;;Tamponamento;Incrocio;Una carreggiata a senso unico di marcia;Asciutto;Asfaltata;Orizzontale;Nuvoloso;Normale;Buona;Ore Diurne;1;0;0;2;;;-1;2;Autovettura privata;In marcia / fermata / arresto;Conducente;M;Illeso;0;;Utilizzato;Inesploso
1863996;18;02/02/2011 07:15;Strada Urbana;VIA DI TORRE ROSSA;all'intersezione con;VIA AURELIA ANTICA;VIA AURELIA ANTICA;;;Scontro frontale/laterale SX fra veicoli in marcia;Intersezione stradale segnalata;Una carreggiata a doppio senso;Asciutto;Asfaltata;Verticale ed orizzontale;Sereno;Normale;Buona;Ore Diurne;0;0;0;3;;;-1;1;Autovettura privata;In marcia / fermata / arresto;Conducente;F;Illeso;0;;Utilizzato;Inesploso
1863996;18;02/02/2011 07:15;Strada Urbana;VIA DI TORRE ROSSA;all'intersezione con;VIA AURELIA ANTICA;VIA AURELIA ANTICA;;;Scontro frontale/laterale SX fra veicoli in marcia;Intersezione stradale segnalata;Una carreggiata a doppio senso;Asciutto;Asfaltata;Verticale ed orizzontale;Sereno;Normale;Buona;Ore Diurne;0;0;0;3;;;-1;2;Autovettura privata;In marcia / fermata / arresto;Conducente;M;Illeso;0;;Utilizzato;Inesistente
1863996;18;02/02/2011 07:15;Strada Urbana;VIA DI TORRE ROSSA;all'intersezione con;VIA AURELIA ANTICA;VIA AURELIA ANTICA;;;Scontro frontale/laterale SX fra veicoli in marcia;Intersezione stradale segnalata;Una carreggiata a doppio senso;Asciutto;Asfaltata;Verticale ed orizzontale;Sereno;Normale;Buona;Ore Diurne;0;0;0;3;;;-1;2;Autovettura privata;In marcia / fermata / arresto;Passeggero;M;Illeso;0;;Utilizzato;Inesistente
1863997;2;02/02/2011 13:30;Strada Urbana;VIA PINCIANA;da specificare;;;;Fermata ATAC n. 73530 (alt via Allegri);Veicolo in marcia contro ostacolo accidentale;Rettilineo;Una carreggiata a doppio senso;Asciutto;Asfaltata;Verticale ed orizzontale;Sereno;Normale;Buona;Ore Diurne;0;0;0;1;;;-1;1;Motociclo a solo;In marcia / fermata / arresto;Conducente;M;Illeso;0;;Non accertato;Inesistente
1864008;9;02/02/2011 13:30;Strada Urbana;VIA TALAMONE;all'intersezione con;VIA LATINA;VIA LATINA;;;Scontro frontale/laterale DX fra veicoli in marcia;Incrocio;Una carreggiata a senso unico di marcia;Asciutto;Asfaltata;Verticale;Sereno;Normale;Buona;Ore Diurne;0;0;0;3;;;-1;1;Autovettura privata;In marcia / fermata / arresto;Conducente;F;Illeso;0;;Non accertato;Inesistente
1864008;9;02/02/2011 13:30;Strada Urbana;VIA TALAMONE;all'intersezione con;VIA LATINA;VIA LATINA;;;Scontro frontale/laterale DX fra veicoli in marcia;Incrocio;Una carreggiata a senso unico di marcia;Asciutto;Asfaltata;Verticale;Sereno;Normale;Buona;Ore Diurne;0;0;0;3;;;-1;1;Autovettura privata;In marcia / fermata / arresto;Passeggero;M;Illeso;0;;Non accertato;Inesistente
1864008;9;02/02/2011 13:30;Strada Urbana;VIA TALAMONE;all'intersezione con;VIA LATINA;VIA LATINA;;;Scontro frontale/laterale DX fra veicoli in marcia;Incrocio;Una carreggiata a senso unico di marcia;Asciutto;Asfaltata;Verticale;Sereno;Normale;Buona;Ore Diurne;0;0;0;3;;;-1;2;Autovettura privata;In marcia / fermata / arresto;Conducente;F;Illeso;0;;Non accertato;Inesistente
1864009;15;02/02/2011 15:15;Strada Urbana;VIA DELLA MAGLIANA;in corrispondenza;;del civico n. ;303;;Tamponamento;Rettilineo;Due carreggiate;Asciutto;Asfaltata;Orizzontale;Sereno;Normale;Buona;Ore Diurne;0;0;0;3;;;-1;1;Autovettura privata;In marcia / fermata / arresto;Conducente;M;Illeso;0;;Utilizzato;Inesistente
1864009;15;02/02/2011 15:15;Strada Urbana;VIA DELLA MAGLIANA;in corrispondenza;;del civico n. ;303;;Tamponamento;Rettilineo;Due carreggiate;Asciutto;Asfaltata;Orizzontale;Sereno;Normale;Buona;Ore Diurne;0;0;0;3;;;-1;2;Motociclo a solo;In marcia / fermata / arresto;Conducente;M;Illeso;0;;Utilizzato;Inesistente
1864009;15;02/02/2011 15:15;Strada Urbana;VIA DELLA MAGLIANA;in corrispondenza;;del civico n. ;303;;Tamponamento;Rettilineo;Due carreggiate;Asciutto;Asfaltata;Orizzontale;Sereno;Normale;Buona;Ore Diurne;0;0;0;3;;;-1;3;Autovettura privata;In marcia / fermata / arresto;Conducente;M;Illeso;0;;Utilizzato;Inesistente
1864012;9;02/02/2011 18:30;Strada Urbana;VIA GINO CAPPONI;in prossimità;;del civico n. ;73/C;;Veicolo in marcia contro veicolo fermo;Rettilineo;Una carreggiata a senso unico di marcia;Asciutto;Asfaltata;Orizzontale;Sereno;Normale;Buona;Sufficiente;0;0;0;1;;;-1;1;Autovettura privata;In marcia / fermata / arresto;Conducente;M;Illeso;0;;Non accertato;Inesistente
1864013;10;02/02/2011 17:50;Strada Urbana;VIA QUINTO PUBLICIO;all'intersezione con;VIA VINCENZO LAMARO;VIA VINCENZO LAMARO;;;Scontro frontale fra veicoli in marcia;Intersezione stradale segnalata;Due carreggiate;Asciutto;Asfaltata;Verticale ed orizzontale;Sereno;Normale;Buona;Sufficiente;1;0;0;1;;;-1;1;Autovettura privata;In marcia / fermata / arresto;Conducente;M;Illeso;0;;Non accertato;Inesistente
1864013;10;02/02/2011 17:50;Strada Urbana;VIA QUINTO PUBLICIO;all'intersezione con;VIA VINCENZO LAMARO;VIA VINCENZO LAMARO;;;Scontro frontale fra veicoli in marcia;Intersezione stradale segnalata;Due carreggiate;Asciutto;Asfaltata;Verticale ed orizzontale;Sereno;Normale;Buona;Sufficiente;1;0;0;1;;;-1;2;Motociclo a solo;In marcia / fermata / arresto;Conducente;M;Rimandato;0;NON DECEDUTO;Non accertato;Inesistente
1864014;19;02/02/2011 07:00;Strada Urbana;VIA DELLA BALDUINA;in prossimità;;del civico n. ;12;;Veicolo in marcia contro veicoli in sosta;Rettilineo;Una carreggiata a doppio senso;Asciutto;Asfaltata;Assente;Sereno;Scarso;Buona;Ore Diurne;0;0;0;1;;;-1;4;Autovettura privata;In marcia / fermata / arresto;Conducente;M;Illeso;0;;Non accertato;Inesistente
1864015;18;02/02/2011 09:15;Strada Urbana;VIA DELLE FORNACI;all'intersezione semaforizzata con;LARGO DI PORTA CAVALLEGGERI;LARGO DI PORTA CAVALLEGGERI;;;Scontro laterale fra veicoli in marcia;Intersezione semaforizzata;Una carreggiata a senso unico di marcia;Asciutto;Asfaltata;Verticale ed orizzontale;Sereno;Intenso;Buona;Ore Diurne;0;0;0;3;;;-1;1;Autovettura pubblica;In marcia / fermata / arresto;Conducente;M;Illeso;0;;Non accertato;Inesploso
1864015;18;02/02/2011 09:15;Strada Urbana;VIA DELLE FORNACI;all'intersezione semaforizzata con;LARGO DI PORTA CAVALLEGGERI;LARGO DI PORTA CAVALLEGGERI;;;Scontro laterale fra veicoli in marcia;Intersezione semaforizzata;Una carreggiata a senso unico di marcia;Asciutto;Asfaltata;Verticale ed orizzontale;Sereno;Intenso;Buona;Ore Diurne;0;0;0;3;;;-1;2;Autocarro superiore 35 q.;In marcia / fermata / arresto;Conducente;M;Illeso;0;;Non accertato;Inesploso
1864015;18;02/02/2011 09:15;Strada Urbana;VIA DELLE FORNACI;all'intersezione semaforizzata con;LARGO DI PORTA CAVALLEGGERI;LARGO DI PORTA CAVALLEGGERI;;;Scontro laterale fra veicoli in marcia;Intersezione semaforizzata;Una carreggiata a senso unico di marcia;Asciutto;Asfaltata;Verticale ed orizzontale;Sereno;Intenso;Buona;Ore Diurne;0;0;0;3;;;-1;2;Autocarro superiore 35 q.;In marcia / fermata / arresto;Passeggero;M;Illeso;0;;Non accertato;Inesploso
1864016;9;02/02/2011 19:10;Strada Urbana;VIA SATRICO;all'intersezione con;PIAZZA EPIRO;PIAZZA EPIRO;;;Investimento di pedone;Incrocio;Una carreggiata a doppio senso;Asciutto;Asfaltata;Verticale ed orizzontale;Sereno;Normale;Buona;Sufficiente;1;0;0;1;;;-1;;;;Pedone;F;Rimandato;0;NON DECEDUTO;;
1864016;9;02/02/2011 19:10;Strada Urbana;VIA SATRICO;all'intersezione con;PIAZZA EPIRO;PIAZZA EPIRO;;;Investimento di pedone;Incrocio;Una carreggiata a doppio senso;Asciutto;Asfaltata;Verticale ed orizzontale;Sereno;Normale;Buona;Sufficiente;1;0;0;1;;;-1;1;Autovettura privata;In marcia / fermata / arresto;Conducente;F;Illeso;0;;Non accertato;Inesistente
1864017;15;02/02/2011 19:15;Strada Urbana;LARGO CITTA' DEI RAGAZZI;in prossimità;;del civico n. ;1;;Veicolo in marcia contro ostacolo fisso;Curva a visuale libera;Una carreggiata a doppio senso;Asciutto;Asfaltata;Assente;Sereno;Scarso;Sufficiente;Sufficiente;0;0;0;1;;;-1;1;Autocarro superiore 35 q.;In marcia / fermata / arresto;Conducente;M;Illeso;0;;Utilizzato;Inesistente
1864018;10;02/02/2011 11:15;Strada Urbana;VIALE SPARTACO;all'intersezione semaforizzata con;VIA VALERIO PUBLICOLA;VIA VALERIO PUBLICOLA;;;Scontro frontale/laterale DX fra veicoli in marcia;Intersezione semaforizzata;Due carreggiate;Asciutto;Asfaltata;Verticale ed orizzontale;Sereno;Normale;Buona;Ore Diurne;0;0;0;2;;;-1;1;Autovettura privata;In marcia / fermata / arresto;Conducente;M;Illeso;0;;Non accertato;Inesploso
1864018;10;02/02/2011 11:15;Strada Urbana;VIALE SPARTACO;all'intersezione semaforizzata con;VIA VALERIO PUBLICOLA;VIA VALERIO PUBLICOLA;;;Scontro frontale/laterale DX fra veicoli in marcia;Intersezione semaforizzata;Due carreggiate;Asciutto;Asfaltata;Verticale ed orizzontale;Sereno;Normale;Buona;Ore Diurne;0;0;0;2;;;-1;2;Autovettura privata;In marcia / fermata / arresto;Conducente;F;Illeso;0;;Non accertato;Inesploso