Protocollo;Gruppo;DataOraIncidente;Localizzazione1;STRADA1;Localizzazione2;STRADA2;Strada02;Chilometrica;DaSpecificare;NaturaIncidente;particolaritastrade;TipoStrada;FondoStradale;Pavimentazione;Segnaletica;CondizioneAtmosferica;Traffico;Visibilita;Illuminazione;NUM_FERITI;NUM_RISERVATA;NUM_MORTI;NUM_ILLESI;Longitudine;Latitudine;Confermato;Progressivo;TipoVeicolo;StatoVeicolo;TipoPersona;Sesso;Tipolesione;Deceduto;DecedutoDopo;CinturaCascoUtilizzato;Airbag
1865529;12;16/02/2011 11:10;Strada Urbana;VIA DEI GENIERI;all'intersezione con;VIA RICCARDO GIGANTE;VIA RICCARDO GIGANTE;;;Scontro frontale/laterale DX fra veicoli in marcia;Incrocio;Una carreggiata a doppio senso;Bagnato (pioggia);Asfaltata;Verticale ed orizzontale;Pioggia in atto;Scarso;Sufficiente;Ore Diurne;0;0;0;4;;;-1;1;Autovettura privata;In marcia / fermata / arresto;Passeggero;F;Illeso;0;;Utilizzato;Inesistente
1865529;12;16/02/2011 11:10;Strada Urbana;VIA DEI GENIERI;all'intersezione con;VIA RICCARDO GIGANTE;VIA RICCARDO GIGANTE;;;Scontro frontale/laterale DX fra veicoli in marcia;Incrocio;Una carreggiata a doppio senso;Bagnato (pioggia);Asfaltata;Verticale ed orizzontale;Pioggia in atto;Scarso;Sufficiente;Ore Diurne;0;0;0;4;;;-1;2;Autovettura privata;In marcia / fermata / arresto;Conducente;M;Illeso;0;;Utilizzato;Inesploso
1865529;12;16/02/2011 11:10;Strada Urbana;VIA DEI GENIERI;all'intersezione con;VIA RICCARDO GIGANTE;VIA RICCARDO GIGANTE;;;Scontro frontale/laterale DX fra veicoli in marcia;Incrocio;Una carreggiata a doppio senso;Bagnato (pioggia);Asfaltata;Verticale ed orizzontale;Pioggia in atto;Scarso;Sufficiente;Ore Diurne;0;0;0;4;;;-1;3;Autovettura privata;In marcia / fermata / arresto;Conducente;M;Illeso;0;;Utilizzato;Inesploso
1865530;2;16/02/2011 11:00;Strada Urbana;SOTTOVIA IGNAZIO GUIDI;da specificare;;;;altezza uscita via nomentana;Veicolo in marcia contro ostacolo fisso;Sottopasso illuminato;Una carreggiata a senso unico di marcia;Bagnato (umidità in atto);Asfaltata;Orizzontale;Pioggia in atto;Normale;Sufficiente;Ore Diurne;0;0;0;1;;;-1;1;Autovettura di polizia;In marcia / fermata / arresto;Conducente;M;Illeso;0;;Non accertato;Inesistente
1865533;12;16/02/2011 13:12;Strada Urbana;VIALE DELL'ARTE;da specificare;;;;alt. civico  18;Veicolo in marcia contro ostacolo accidentale;Rettilineo;Una carreggiata a doppio senso;Bagnato (pioggia);Asfaltata;Verticale ed orizzontale;Pioggia in atto;Normale;Buona;Ore Diurne;0;0;0;1;;;-1;1;Autovettura privata;In marcia / fermata / arresto;Conducente;M;Illeso;0;;Utilizzato;Inesploso
1865534;2;16/02/2011 08:50;Strada Urbana;VIA GIOVANNI PACINI;in corrispondenza;;del civico n. ;23;;Investimento di pedone;Rettilineo;Una carreggiata a doppio senso;Bagnato (pioggia);Asfaltata;Orizzontale;Pioggia in atto;Normale;Buona;Ore Diurne;2;0;0;0;;;-1;;;;Pedone;F;Ricoverato;0;NON DECEDUTO;;
1865534;2;16/02/2011 08:50;Strada Urbana;VIA GIOVANNI PACINI;in corrispondenza;;del civico n. ;23;;Investimento di pedone;Rettilineo;Una carreggiata a doppio senso;Bagnato (pioggia);Asfaltata;Orizzontale;Pioggia in atto;Normale;Buona;Ore Diurne;2;0;0;0;;;-1;1;Ciclomotore;In marcia / fermata / arresto;Conducente;M;Rimandato;0;NON DECEDUTO;Non accertato;Inesistente
1865538;12;15/02/2011 15:40;Strada Urbana;VIA NAIROBI;da specificare;;;;prox. fermata atac n. 70648 dir. via dell'arte;Tamponamento;Curva a visuale libera;Una carreggiata a doppio senso;Asciutto;Asfaltata;Orizzontale;Sereno;Normale;Buona;Ore Diurne;0;0;0;4;;;-1;1;Autovettura privata;In marcia / fermata / arresto;Conducente;M;Illeso;0;;Utilizzato;Inesploso
1865538;12;15/02/2011 15:40;Strada Urbana;VIA NAIROBI;da specificare;;;;prox. fermata atac n. 70648 dir. via dell'arte;Tamponamento;Curva a visuale libera;Una carreggiata a doppio senso;Asciutto;Asfaltata;Orizzontale;Sereno;Normale;Buona;Ore Diurne;0;0;0;4;;;-1;1;Autovettura privata;In marcia / fermata / arresto;Passeggero;M;Illeso;0;;Utilizzato;Inesploso
1865538;12;15/02/2011 15:40;Strada Urbana;VIA NAIROBI;da specificare;;;;prox. fermata atac n. 70648 dir. via dell'arte;Tamponamento;Curva a visuale libera;Una carreggiata a doppio senso;Asciutto;Asfaltata;Orizzontale;Sereno;Normale;Buona;Ore Diurne;0;0;0;4;;;-1;2;Autocarro inferiore 35 q.;In marcia / fermata / arresto;Conducente;M;Illeso;0;;Utilizzato;Inesploso
1865538;12;15/02/2011 15:40;Strada Urbana;VIA NAIROBI;da specificare;;;;prox. fermata atac n. 70648 dir. via dell'arte;Tamponamento;Curva a visuale libera;Una carreggiata a doppio senso;Asciutto;Asfaltata;Orizzontale;Sereno;Normale;Buona;Ore Diurne;0;0;0;4;;;-1;2;Autocarro inferiore 35 q.;In marcia / fermata / arresto;Passeggero;F;Illeso;0;;Utilizzato;Inesploso
1865539;2;16/02/2011 18:35;Strada Urbana;VIALE SOMALIA;in corrispondenza;;del civico n. ;191;;Investimento di pedone;Rettilineo;Una carreggiata a doppio senso;Bagnato (pioggia);Asfaltata;Orizzontale;Nuvoloso;Normale;Buona;Sufficiente;1;0;0;1;;;-1;;;;Pedone;M;Rimandato;0;NON DECEDUTO;;
1865539;2;16/02/2011 18:35;Strada Urbana;VIALE SOMALIA;in corrispondenza;;del civico n. ;191;;Investimento di pedone;Rettilineo;Una carreggiata a doppio senso;Bagnato (pioggia);Asfaltata;Orizzontale;Nuvoloso;Normale;Buona;Sufficiente;1;0;0;1;;;-1;1;Autovettura privata;In marcia / fermata / arresto;Conducente;M;Illeso;0;;Non accertato;Inesistente
1865540;16;11/02/2011 09:45;Strada Urbana;VIA DI BRAVETTA;all'intersezione con;VIA DEI MALATESTA;VIA DEI MALATESTA;;;Scontro laterale fra veicoli in marcia;Intersezione non regolata/non segnalata;Una carreggiata a doppio senso;Asciutto;Asfaltata;Verticale;Sereno;Normale;Buona;Ore Diurne;1;0;0;1;;;-1;1;Motociclo a solo;In marcia / fermata / arresto;Conducente;M;Rimandato;0;NON DECEDUTO;Non accertato;Inesistente
1865540;16;11/02/2011 09:45;Strada Urbana;VIA DI BRAVETTA;all'intersezione con;VIA DEI MALATESTA;VIA DEI MALATESTA;;;Scontro laterale fra veicoli in marcia;Intersezione non regolata/non segnalata;Una carreggiata a doppio senso;Asciutto;Asfaltata;Verticale;Sereno;Normale;Buona;Ore Diurne;1;0;0;1;;;-1;2;Autovettura privata;In marcia / fermata / arresto;Conducente;F;Illeso;0;;Non accertato;Inesistente
1865541;16;11/02/2011 12:15;Strada Urbana;VIALE DEI COLLI PORTUENSI;all'intersezione con;VIA ANTONIO BENNICELLI;VIA ANTONIO BENNICELLI;;;Investimento di pedone;Intersezione non regolata/non segnalata;Due carreggiate;Asciutto;Asfaltata;Verticale ed orizzontale;Sereno;Normale;Buona;Ore Diurne;1;0;0;1;;;-1;;;;Pedone;F;Ricoverato;0;NON DECEDUTO;;
1865541;16;11/02/2011 12:15;Strada Urbana;VIALE DEI COLLI PORTUENSI;all'intersezione con;VIA ANTONIO BENNICELLI;VIA ANTONIO BENNICELLI;;;Investimento di pedone;Intersezione non regolata/non segnalata;Due carreggiate;Asciutto;Asfaltata;Verticale ed orizzontale;Sereno;Normale;Buona;Ore Diurne;1;0;0;1;;;-1;1;Autovettura privata;In marcia / fermata / arresto;Conducente;M;Illeso;0;;Non accertato;Inesistente
1865542;16;13/02/2011 00:25;Strada Urbana;VIA PORTUENSE;in prossimità;;del civico n. ;64;;Scontro frontale fra veicoli in marcia;Rettilineo;Una carreggiata a doppio senso;Asciutto;Asfaltata;Orizzontale;Nuvoloso;Scarso;Sufficiente;Sufficiente;1;0;0;3;;;-1;1;Autovettura privata;In marcia / fermata / arresto;Passeggero;M;Illeso;0;;Non accertato;Inesistente
1865542;16;13/02/2011 00:25;Strada Urbana;VIA PORTUENSE;in prossimità;;del civico n. ;64;;Scontro frontale fra veicoli in marcia;Rettilineo;Una carreggiata a doppio senso;Asciutto;Asfaltata;Orizzontale;Nuvoloso;Scarso;Sufficiente;Sufficiente;1;0;0;3;;;-1;1;Autovettura privata;In marcia / fermata / arresto;Conducente;F;Illeso;0;;Non accertato;Inesistente
1865542;16;13/02/2011 00:25;Strada Urbana;VIA PORTUENSE;in prossimità;;del civico n. ;64;;Scontro frontale fra veicoli in marcia;Rettilineo;Una carreggiata a doppio senso;Asciutto;Asfaltata;Orizzontale;Nuvoloso;Scarso;Sufficiente;Sufficiente;1;0;0;3;;;-1;2;Motociclo a solo;In marcia / fermata / arresto;Conducente;F;Rimandato;0;NON DECEDUTO;Non accertato;Inesistente
1865543;16;13/02/2011 04:45;Strada Urbana;LUNGOTEVERE DI S. PAOLO;da specificare;;;;in prossimità del Largo Tommaso Edison;Scontro frontale fra veicoli in marcia;Rettilineo;Una carreggiata a doppio senso;Asciutto;Asfaltata;Assente;Sereno;Scarso;Sufficiente;Sufficiente;0;0;0;2;;;-1;1;Autovettura privata;In marcia / fermata / arresto;Conducente;F;Illeso;0;;Non accertato;Inesistente
1865543;16;13/02/2011 04:45;Strada Urbana;LUNGOTEVERE DI S. PAOLO;da specificare;;;;in prossimità del Largo Tommaso Edison;Scontro frontale fra veicoli in marcia;Rettilineo;Una carreggiata a doppio senso;Asciutto;Asfaltata;Assente;Sereno;Scarso;Sufficiente;Sufficiente;0;0;0;2;;;-1;1;Autovettura privata;In marcia / fermata / arresto;Passeggero;F;Illeso;0;;Non accertato;Inesistente
1865544;16;16/02/2011 13:45;Strada Urbana;VIA QUIRINO MAJORANA;in prossimità;;del civico n. ;263;;Scontro laterale fra veicoli in marcia;Rettilineo;Una carreggiata a senso unico di marcia;Bagnato (pioggia);Asfaltata;Orizzontale;Pioggia in atto;Normale;Buona;Ore Diurne;1;0;0;1;;;-1;1;Ciclomotore;In marcia / fermata / arresto;Conducente;F;Rimandato;0;NON DECEDUTO;Non accertato;Inesistente
1865544;16;16/02/2011 13:45;Strada Urbana;VIA QUIRINO MAJORANA;in prossimità;;del civico n. ;263;;Scontro laterale fra veicoli in marcia;Rettilineo;Una carreggiata a senso unico di marcia;Bagnato (pioggia);Asfaltata;Orizzontale;Pioggia in atto;Normale;Buona;Ore Diurne;1;0;0;1;;;-1;2;Autovettura privata;In marcia / fermata / arresto;Conducente;M;Illeso;0;;Non accertato;Inesploso
1865547;13;17/02/2011 14:50;Strada Urbana;VIA CARLO CASINI;all'intersezione con;VIA PIETRO BENEDETTI;VIA PIETRO BENEDETTI;;;Scontro frontale/laterale DX fra veicoli in marcia;Incrocio;Una carreggiata a senso unico di marcia;Bagnato (pioggia);Asfaltata;Verticale;Nuvoloso;Normale;Sufficiente;Ore Diurne;0;0;0;3;;;-1;1;Autovettura privata;In marcia / fermata / arresto;Conducente;M;Illeso;0;;Non accertato;Inesploso
1865547;13;17/02/2011 14:50;Strada Urbana;VIA CARLO CASINI;all'intersezione con;VIA PIETRO BENEDETTI;VIA PIETRO BENEDETTI;;;Scontro frontale/laterale DX fra veicoli in marcia;Incrocio;Una carreggiata a senso unico di marcia;Bagnato (pioggia);Asfaltata;Verticale;Nuvoloso;Normale;Sufficiente;Ore Diurne;0;0;0;3;;;-1;1;Autovettura privata;In marcia / fermata / arresto;Passeggero;F;Illeso;0;;Non accertato;Inesploso
1865547;13;17/02/2011 14:50;Strada Urbana;VIA CARLO CASINI;all'intersezione con;VIA PIETRO BENEDETTI;VIA PIETRO BENEDETTI;;;Scontro frontale/laterale DX fra veicoli in marcia;Incrocio;Una carreggiata a senso unico di marcia;Bagnato (pioggia);Asfaltata;Verticale;Nuvoloso;Normale;Sufficiente;Ore Diurne;0;0;0;3;;;-1;2;Autovettura privata;In marcia / fermata / arresto;Conducente;F;Illeso;0;;Non accertato;Inesploso
1865549;5;14/02/2011 18:35;Strada Urbana;VIA TIBURTINA;in corrispondenza;;del civico n. ;482;;Tamponamento;Rettilineo;Più di due carreggiate;Asciutto;Asfaltata;Verticale ed orizzontale;Sereno;Intenso;Buona;Ore Diurne;0;0;0;2;;;-1;1;Autovettura privata;In marcia / fermata / arresto;Conducente;M;Illeso;0;;Non accertato;Inesistente
1865549;5;14/02/2011 18:35;Strada Urbana;VIA TIBURTINA;in corrispondenza;;del civico n. ;482;;Tamponamento;Rettilineo;Più di due carreggiate;Asciutto;Asfaltata;Verticale ed orizzontale;Sereno;Intenso;Buona;Ore Diurne;0;0;0;2;;;-1;2;Autovettura privata;In marcia / fermata / arresto;Conducente;M;Illeso;0;;Non accertato;Inesistente
1865551;18;17/02/2011 15:10;Strada Urbana;VIA SUOR MARIA AGOSTINA;da specificare;;;;in prossimità di Via T. Calisti;Veicolo in marcia contro ostacolo accidentale;Pendenza;Una carreggiata a doppio senso;Bagnato (pioggia);Asfaltata;Verticale ed orizzontale;Nuvoloso;Normale;Buona;Ore Diurne;1;0;0;0;;;-1;1;Motociclo a solo;In marcia / fermata / arresto;Conducente;F;Ricoverato;0;NON DECEDUTO;Non accertato;Inesistente
1865553;12;16/02/2011 08:45;Statale entro l'abitato;VIA OSTIENSE;in prossimità;;della chilometrica ;7.5;;Scontro frontale fra veicoli in marcia;Rettilineo;Una carreggiata a doppio senso;Bagnato (pioggia);Asfaltata;Verticale ed orizzontale;Pioggia in atto;Intenso;Buona;Ore Diurne;0;0;0;2;;;-1;1;Autovettura privata;In marcia / fermata / arresto;Conducente;M;Illeso;0;;Utilizzato;Inesploso
1865553;12;16/02/2011 08:45;Statale entro l'abitato;VIA OSTIENSE;in prossimità;;della chilometrica ;7.5;;Scontro frontale fra veicoli in marcia;Rettilineo;Una carreggiata a doppio senso;Bagnato (pioggia);Asfaltata;Verticale ed orizzontale;Pioggia in atto;Intenso;Buona;Ore Diurne;0;0;0;2;;;-1;2;Motociclo a solo;In marcia / fermata / arresto;Conducente;F;Illeso;0;;Utilizzato;Inesistente
1865556;12;16/02/2011 08:10;Strada Urbana;VIADOTTO DELLA MAGLIANA;da specificare;;;;prox. cappellaccio;Tamponamento Multiplo;Rettilineo;Una carreggiata a senso unico di marcia;Bagnato (pioggia);Asfaltata;Verticale ed orizzontale;Pioggia in atto;Intenso;Buona;Ore Diurne;0;0;0;4;;;-1;1;Autovettura privata;In marcia / fermata / arresto;Conducente;M;Illeso;0;;Utilizzato;Inesploso
1865556;12;16/02/2011 08:10;Strada Urbana;VIADOTTO DELLA MAGLIANA;da specificare;;;;prox. cappellaccio;Tamponamento Multiplo;Rettilineo;Una carreggiata a senso unico di marcia;Bagnato (pioggia);Asfaltata;Verticale ed orizzontale;Pioggia in atto;Intenso;Buona;Ore Diurne;0;0;0;4;;;-1;2;Autovettura privata;In marcia / fermata / arresto;Conducente;M;Illeso;0;;Utilizzato;Inesploso
1865556;12;16/02/2011 08:10;Strada Urbana;VIADOTTO DELLA MAGLIANA;da specificare;;;;prox. cappellaccio;Tamponamento Multiplo;Rettilineo;Una carreggiata a senso unico di marcia;Bagnato (pioggia);Asfaltata;Verticale ed orizzontale;Pioggia in atto;Intenso;Buona;Ore Diurne;0;0;0;4;;;-1;3;Autovettura privata;In marcia / fermata / arresto;Conducente;M;Illeso;0;;Utilizzato;Inesploso
1865556;12;16/02/2011 08:10;Strada Urbana;VIADOTTO DELLA MAGLIANA;da specificare;;;;prox. cappellaccio;Tamponamento Multiplo;Rettilineo;Una carreggiata a senso unico di marcia;Bagnato (pioggia);Asfaltata;Verticale ed orizzontale;Pioggia in atto;Intenso;Buona;Ore Diurne;0;0;0;4;;;-1;4;Autovettura privata;In marcia / fermata / arresto;Conducente;M;Illeso;0;;Utilizzato;Inesploso
1865560;12;16/02/2011 10:30;Strada Urbana;VIALE EGEO;da specificare;;;;prox. piazza parri direz Laurentina;Veicolo in marcia contro veicoli in sosta;Curva a visuale libera;Due carreggiate;Bagnato (pioggia);Asfaltata;Verticale ed orizzontale;Pioggia in atto;Scarso;Buona;Ore Diurne;0;0;0;1;;;-1;1;Autovettura privata;In marcia / fermata / arresto;Conducente;M;Illeso;0;;Utilizzato;Inesploso
1865562;1;15/02/2011 15:50;Strada Urbana;VIALE AVENTINO;in corrispondenza;;del civico n. ;101;;Scontro laterale fra veicoli in marcia;Rettilineo;Più di due carreggiate;Asciutto;Acciotolata;Verticale ed orizzontale;Sereno;Normale;Buona;Ore Diurne;1;0;0;2;;;-1;1;Autovettura pubblica;In marcia / fermata / arresto;Conducente;M;Illeso;0;;Non accertato;Inesistente
1865562;1;15/02/2011 15:50;Strada Urbana;VIALE AVENTINO;in corrispondenza;;del civico n. ;101;;Scontro laterale fra veicoli in marcia;Rettilineo;Più di due carreggiate;Asciutto;Acciotolata;Verticale ed orizzontale;Sereno;Normale;Buona;Ore Diurne;1;0;0;2;;;-1;2;Autovettura privata;In marcia / fermata / arresto;Conducente;M;Illeso;0;;Utilizzato;
1865562;1;15/02/2011 15:50;Strada Urbana;VIALE AVENTINO;in corrispondenza;;del civico n. ;101;;Scontro laterale fra veicoli in marcia;Rettilineo;Più di due carreggiate;Asciutto;Acciotolata;Verticale ed orizzontale;Sereno;Normale;Buona;Ore Diurne;1;0;0;2;;;-1;3;Motociclo a solo;In marcia / fermata / arresto;Conducente;M;Rimandato;0;NON DECEDUTO;Non accertato;Inesistente
1865563;1;12/02/2011 16:10;Strada Urbana;PIAZZA VENEZIA;all'intersezione con;VIA CESARE BATTISTI;VIA CESARE BATTISTI;;;Scontro laterale fra veicoli in marcia;Incrocio;Una carreggiata a senso unico di marcia;Asciutto;Acciotolata;Orizzontale;Sereno;Normale;Buona;Ore Diurne;0;0;0;5;;;-1;1;Autovettura privata;In marcia / fermata / arresto;Conducente;M;Illeso;0;;Utilizzato;Inesistente
1865563;1;12/02/2011 16:10;Strada Urbana;PIAZZA VENEZIA;all'intersezione con;VIA CESARE BATTISTI;VIA CESARE BATTISTI;;;Scontro laterale fra veicoli in marcia;Incrocio;Una carreggiata a senso unico di marcia;Asciutto;Acciotolata;Orizzontale;Sereno;Normale;Buona;Ore Diurne;0;0;0;5;;;-1;1;Autovettura privata;In marcia / fermata / arresto;Passeggero;M;Illeso;0;;Utilizzato;Inesistente
1865563;1;12/02/2011 16:10;Strada Urbana;PIAZZA VENEZIA;all'intersezione con;VIA CESARE BATTISTI;VIA CESARE BATTISTI;;;Scontro laterale fra veicoli in marcia;Incrocio;Una carreggiata a senso unico di marcia;Asciutto;Acciotolata;Orizzontale;Sereno;Normale;Buona;Ore Diurne;0;0;0;5;;;-1;1;Autovettura privata;In marcia / fermata / arresto;Passeggero;F;Illeso;0;;Utilizzato;Inesistente
1865563;1;12/02/2011 16:10;Strada Urbana;PIAZZA VENEZIA;all'intersezione con;VIA CESARE BATTISTI;VIA CESARE BATTISTI;;;Scontro laterale fra veicoli in marcia;Incrocio;Una carreggiata a senso unico di marcia;Asciutto;Acciotolata;Orizzontale;Sereno;Normale;Buona;Ore Diurne;0;0;0;5;;;-1;1;Autovettura privata;In marcia / fermata / arresto;Passeggero;M;Illeso;0;;Utilizzato;Inesistente
1865563;1;12/02/2011 16:10;Strada Urbana;PIAZZA VENEZIA;all'intersezione con;VIA CESARE BATTISTI;VIA CESARE BATTISTI;;;Scontro laterale fra veicoli in marcia;Incrocio;Una carreggiata a senso unico di marcia;Asciutto;Acciotolata;Orizzontale;Sereno;Normale;Buona;Ore Diurne;0;0;0;5;;;-1;2;Autobus turistico;In marcia / fermata / arresto;Conducente;M;Illeso;0;;Utilizzato;Inesistente
1865565;1;14/02/2011 18:30;Strada Urbana;PIAZZA DI PORTA S. GIOVANNI;all'intersezione semaforizzata con;VIALE CARLO FELICE;VIALE CARLO FELICE;;;Tamponamento;Intersezione semaforizzata;Due carreggiate;Asciutto;Asfaltata;Verticale ed orizzontale;Nuvoloso;Normale;Sufficiente;Sufficiente;0;0;0;2;;;-1;1;Autovettura privata;In marcia / fermata / arresto;Conducente;M;Illeso;0;;Non accertato;Inesistente
1865565;1;14/02/2011 18:30;Strada Urbana;PIAZZA DI PORTA S. GIOVANNI;all'intersezione semaforizzata con;VIALE CARLO FELICE;VIALE CARLO FELICE;;;Tamponamento;Intersezione semaforizzata;Due carreggiate;Asciutto;Asfaltata;Verticale ed orizzontale;Nuvoloso;Normale;Sufficiente;Sufficiente;0;0;0;2;;;-1;2;Autovettura privata;In marcia / fermata / arresto;Conducente;F;Illeso;0;;Non accertato;Inesistente
1865566;6;17/02/2011 08:30;Strada Urbana;VIA DI PORTA FURBA;all'intersezione con;VIA DELLA BATTERIA DI PORTA FURBA;VIA DELLA BATTERIA DI PORTA FURBA;;;Scontro frontale fra veicoli in marcia;Intersezione stradale segnalata;Una carreggiata a doppio senso;Bagnato (umidità in atto);Asfaltata;Orizzontale;Nuvoloso;Normale;Buona;Ore Diurne;0;0;0;2;;;-1;1;Autovettura privata;In marcia / fermata / arresto;Conducente;M;Illeso;0;;Non accertato;Inesistente
1865566;6;17/02/2011 08:30;Strada Urbana;VIA DI PORTA FURBA;all'intersezione con;VIA DELLA BATTERIA DI PORTA FURBA;VIA DELLA BATTERIA DI PORTA FURBA;;;Scontro frontale fra veicoli in marcia;Intersezione stradale segnalata;Una carreggiata a doppio senso;Bagnato (umidità in atto);Asfaltata;Orizzontale;Nuvoloso;Normale;Buona;Ore Diurne;0;0;0;2;;;-1;2;Autovettura privata;In marcia / fermata / arresto;Conducente;M;Illeso;0;;Non accertato;Inesistente
1865567;6;17/02/2011 08:15;Provinciale entro l'abitato;VIA COLLATINA;all'intersezione con;VIA DI GROTTA DI GREGNA;VIA DI GROTTA DI GREGNA;;;Scontro frontale/laterale SX fra veicoli in marcia;Intersezione stradale segnalata;Una carreggiata a doppio senso;Asciutto;Asfaltata;Verticale ed orizzontale;Nuvoloso;Intenso;Buona;Ore Diurne;0;0;0;4;;;-1;1;Autovettura di polizia;In marcia / fermata / arresto;Conducente;M;Illeso;0;;Non accertato;Inesistente
1865567;6;17/02/2011 08:15;Provinciale entro l'abitato;VIA COLLATINA;all'intersezione con;VIA DI GROTTA DI GREGNA;VIA DI GROTTA DI GREGNA;;;Scontro frontale/laterale SX fra veicoli in marcia;Intersezione stradale segnalata;Una carreggiata a doppio senso;Asciutto;Asfaltata;Verticale ed orizzontale;Nuvoloso;Intenso;Buona;Ore Diurne;0;0;0;4;;;-1;1;Autovettura di polizia;In marcia / fermata / arresto;Passeggero;M;Illeso;0;;Non accertato;Inesistente
1865567;6;17/02/2011 08:15;Provinciale entro l'abitato;VIA COLLATINA;all'intersezione con;VIA DI GROTTA DI GREGNA;VIA DI GROTTA DI GREGNA;;;Scontro frontale/laterale SX fra veicoli in marcia;Intersezione stradale segnalata;Una carreggiata a doppio senso;Asciutto;Asfaltata;Verticale ed orizzontale;Nuvoloso;Intenso;Buona;Ore Diurne;0;0;0;4;;;-1;1;Autovettura di polizia;In marcia / fermata / arresto;Passeggero;M;Illeso;0;;Non accertato;Inesistente
1865567;6;17/02/2011 08:15;Provinciale entro l'abitato;VIA COLLATINA;all'intersezione con;VIA DI GROTTA DI GREGNA;VIA DI GROTTA DI GREGNA;;;Scontro frontale/laterale SX fra veicoli in marcia;Intersezione stradale segnalata;Una carreggiata a doppio senso;Asciutto;Asfaltata;Verticale ed orizzontale;Nuvoloso;Intenso;Buona;Ore Diurne;0;0;0;4;;;-1;2;Autovettura privata;In marcia / fermata / arresto;Conducente;M;Illeso;0;;Non accertato;Inesistente
1865568;6;17/02/2011 11:15;Strada Urbana;VIA TEANO;in corrispondenza;;del civico n. ;8A;;Scontro laterale fra veicoli in marcia;Rettilineo;Una carreggiata a senso unico di marcia;Asciutto;Asfaltata;Assente;Sereno;Normale;Buona;Ore Diurne;1;0;0;1;;;-1;1;Autovettura privata;In marcia / fermata / arresto;Conducente;M;Illeso;0;;Non accertato;Inesistente
1865568;6;17/02/2011 11:15;Strada Urbana;VIA TEANO;in corrispondenza;;del civico n. ;8A;;Scontro laterale fra veicoli in marcia;Rettilineo;Una carreggiata a senso unico di marcia;Asciutto;Asfaltata;Assente;Sereno;Normale;Buona;Ore Diurne;1;0;0;1;;;-1;2;Motociclo a solo;In marcia / fermata / arresto;Conducente;M;Rimandato;0;NON DECEDUTO;Non accertato;Inesistente
1865569;1;16/02/2011 16:35;Strada Urbana;LUNGOTEVERE DEI PIERLEONI;all'intersezione con;VIA DEL FORO OLITORIO;VIA DEL FORO OLITORIO;;;Scontro laterale fra veicoli in marcia;Intersezione non regolata/non segnalata;Una carreggiata a senso unico di marcia;Bagnato (pioggia);Asfaltata;Verticale ed orizzontale;Pioggia in atto;Normale;Sufficiente;Ore Diurne;1;0;0;1;;;-1;1;Autovettura privata;In marcia / fermata / arresto;Conducente;F;Illeso;0;;Non accertato;Inesistente
1865569;1;16/02/2011 16:35;Strada Urbana;LUNGOTEVERE DEI PIERLEONI;all'intersezione con;VIA DEL FORO OLITORIO;VIA DEL FORO OLITORIO;;;Scontro laterale fra veicoli in marcia;Intersezione non regolata/non segnalata;Una carreggiata a senso unico di marcia;Bagnato (pioggia);Asfaltata;Verticale ed orizzontale;Pioggia in atto;Normale;Sufficiente;Ore Diurne;1;0;0;1;;;-1;2;Motociclo a solo;In marcia / fermata / arresto;Conducente;M;Rimandato;0;NON DECEDUTO;Non accertato;Inesistente
1865571;15;17/02/2011 08:10;Strada Urbana;VIA DELLA CASETTA MATTEI;in prossimità;;del civico n. ;279;;Veicolo in marcia contro veicolo fermo;Rettilineo;Una carreggiata a doppio senso;Asciutto;Asfaltata;Orizzontale;Sereno;Normale;Buona;Ore Diurne;0;0;0;2;;;-1;1;Autovettura privata;In marcia / fermata / arresto;Conducente;F;Illeso;0;;Utilizzato;Inesistente
1865571;15;17/02/2011 08:10;Strada Urbana;VIA DELLA CASETTA MATTEI;in prossimità;;del civico n. ;279;;Veicolo in marcia contro veicolo fermo;Rettilineo;Una carreggiata a doppio senso;Asciutto;Asfaltata;Orizzontale;Sereno;Normale;Buona;Ore Diurne;0;0;0;2;;;-1;2;Autovettura privata;In marcia / fermata / arresto;Conducente;M;Illeso;0;;Utilizzato;Inesistente
1865572;15;17/02/2011 12:05;Strada Urbana;VIA DELLA MAGLIANA;in corrispondenza;;del civico n. ;26;;Infortunio per caduta del veicolo;Rettilineo;Una carreggiata a doppio senso;Asciutto;Asfaltata;Orizzontale;Nuvoloso;Intenso;Buona;Ore Diurne;1;0;0;3;;;-1;1;Autovettura privata;In marcia / fermata / arresto;Conducente;M;Illeso;0;;Utilizzato;Inesistente
1865572;15;17/02/2011 12:05;Strada Urbana;VIA DELLA MAGLIANA;in corrispondenza;;del civico n. ;26;;Infortunio per caduta del veicolo;Rettilineo;Una carreggiata a doppio senso;Asciutto;Asfaltata;Orizzontale;Nuvoloso;Intenso;Buona;Ore Diurne;1;0;0;3;;;-1;1;Autovettura privata;In marcia / fermata / arresto;Passeggero;F;Illeso;0;;Utilizzato;Inesistente