Protocollo;Gruppo;DataOraIncidente;Localizzazione1;STRADA1;Localizzazione2;STRADA2;Strada02;Chilometrica;DaSpecificare;NaturaIncidente;particolaritastrade;TipoStrada;FondoStradale;Pavimentazione;Segnaletica;CondizioneAtmosferica;Traffico;Visibilita;Illuminazione;NUM_FERITI;NUM_RISERVATA;NUM_MORTI;NUM_ILLESI;Longitudine;Latitudine;Confermato;Progressivo;TipoVeicolo;StatoVeicolo;TipoPersona;Sesso;Tipolesione;Deceduto;DecedutoDopo;CinturaCascoUtilizzato;Airbag
1865929;10;19/02/2011 18:00;Strada Urbana;VIA APPIA NUOVA;da specificare;;;;altezza deposito COTRAL;Tamponamento Multiplo;Rettilineo;Una carreggiata a doppio senso;Asciutto;Asfaltata;Verticale ed orizzontale;Sereno;Normale;Buona;Sufficiente;3;0;0;4;;;-1;4;Autovettura privata;In marcia / fermata / arresto;Conducente;M;Illeso;0;;Non accertato;Inesistente
1865929;10;19/02/2011 18:00;Strada Urbana;VIA APPIA NUOVA;da specificare;;;;altezza deposito COTRAL;Tamponamento Multiplo;Rettilineo;Una carreggiata a doppio senso;Asciutto;Asfaltata;Verticale ed orizzontale;Sereno;Normale;Buona;Sufficiente;3;0;0;4;;;-1;4;Autovettura privata;In marcia / fermata / arresto;Passeggero;F;Illeso;0;;Non accertato;Inesistente
1865930;2;20/02/2011 14:30;Strada Urbana;VIA FEZZAN;in prossimità;;del civico n. ;3;;Veicolo in marcia contro veicolo in sosta;Rettilineo;Una carreggiata a senso unico di marcia;Asciutto;Asfaltata;Orizzontale;Nuvoloso;Scarso;Buona;Ore Diurne;0;0;0;2;;;-1;1;Autovettura privata;Sosta;Passeggero;F;Illeso;0;;Non accertato;Inesistente
1865930;2;20/02/2011 14:30;Strada Urbana;VIA FEZZAN;in prossimità;;del civico n. ;3;;Veicolo in marcia contro veicolo in sosta;Rettilineo;Una carreggiata a senso unico di marcia;Asciutto;Asfaltata;Orizzontale;Nuvoloso;Scarso;Buona;Ore Diurne;0;0;0;2;;;-1;1;Autovettura privata;Sosta;Passeggero;M;Illeso;0;;Non accertato;Inesistente
1865931;20;20/02/2011 20:35;Strada Urbana;VIA GIOVANNI PALATUCCI;all'intersezione con;VIA MARINO DALMONTE;VIA MARINO DALMONTE;;;Scontro frontale/laterale SX fra veicoli in marcia;Incrocio;Due carreggiate;Bagnato (pioggia);Asfaltata;Assente;Pioggia in atto;Scarso;Sufficiente;Sufficiente;0;0;0;2;;;-1;1;Autovettura privata;In marcia / fermata / arresto;Conducente;M;Illeso;0;;Non utilizzato;Inesistente
1865931;20;20/02/2011 20:35;Strada Urbana;VIA GIOVANNI PALATUCCI;all'intersezione con;VIA MARINO DALMONTE;VIA MARINO DALMONTE;;;Scontro frontale/laterale SX fra veicoli in marcia;Incrocio;Due carreggiate;Bagnato (pioggia);Asfaltata;Assente;Pioggia in atto;Scarso;Sufficiente;Sufficiente;0;0;0;2;;;-1;2;Autovettura privata;In marcia / fermata / arresto;Conducente;M;Illeso;0;;Non accertato;Inesistente
1865932;20;20/02/2011 08:45;Strada Urbana;VIA DELLA CERQUETTA;all'intersezione con;VIA GIUSEPPE CANTAGALLI;VIA GIUSEPPE CANTAGALLI;;;Scontro frontale/laterale DX fra veicoli in marcia;Incrocio;Una carreggiata a doppio senso;Asciutto;Asfaltata;Verticale ed orizzontale;Nuvoloso;Scarso;Sufficiente;Ore Diurne;0;0;0;2;;;-1;1;Autovettura privata;In marcia / fermata / arresto;Conducente;M;Illeso;0;;Non accertato;Inesploso
1865932;20;20/02/2011 08:45;Strada Urbana;VIA DELLA CERQUETTA;all'intersezione con;VIA GIUSEPPE CANTAGALLI;VIA GIUSEPPE CANTAGALLI;;;Scontro frontale/laterale DX fra veicoli in marcia;Incrocio;Una carreggiata a doppio senso;Asciutto;Asfaltata;Verticale ed orizzontale;Nuvoloso;Scarso;Sufficiente;Ore Diurne;0;0;0;2;;;-1;2;Autovettura privata;In marcia / fermata / arresto;Conducente;F;Illeso;0;;Non accertato;Inesploso
1865933;15;21/02/2011 08:28;Strada Urbana;VIA DELLA MAGLIANA;all'intersezione con;VIA DEL TRULLO;VIA DEL TRULLO;;;Veicolo in marcia contro ostacolo fisso;Intersezione stradale segnalata;Una carreggiata a doppio senso;Viscido da liquidi oleosi;Asfaltata;Verticale ed orizzontale;Sereno;Normale;Buona;Ore Diurne;2;0;0;1;;;-1;1;Autovettura privata;In marcia / fermata / arresto;Conducente;F;Rimandato;0;NON DECEDUTO;Utilizzato;Inesistente
1865933;15;21/02/2011 08:28;Strada Urbana;VIA DELLA MAGLIANA;all'intersezione con;VIA DEL TRULLO;VIA DEL TRULLO;;;Veicolo in marcia contro ostacolo fisso;Intersezione stradale segnalata;Una carreggiata a doppio senso;Viscido da liquidi oleosi;Asfaltata;Verticale ed orizzontale;Sereno;Normale;Buona;Ore Diurne;2;0;0;1;;;-1;1;Autovettura privata;In marcia / fermata / arresto;Passeggero;M;Illeso;0;;Utilizzato;Inesistente
1865933;15;21/02/2011 08:28;Strada Urbana;VIA DELLA MAGLIANA;all'intersezione con;VIA DEL TRULLO;VIA DEL TRULLO;;;Veicolo in marcia contro ostacolo fisso;Intersezione stradale segnalata;Una carreggiata a doppio senso;Viscido da liquidi oleosi;Asfaltata;Verticale ed orizzontale;Sereno;Normale;Buona;Ore Diurne;2;0;0;1;;;-1;1;Autovettura privata;In marcia / fermata / arresto;Passeggero;F;Rimandato;0;NON DECEDUTO;Utilizzato;Inesistente
1865935;12;21/02/2011 09:30;Provinciale;VIA OSTIENSE;da specificare;;;;altezza  GRA direzione Roma centro;Tamponamento;Rettilineo;Una carreggiata a doppio senso;Asciutto;Asfaltata;Verticale ed orizzontale;Nuvoloso;Intenso;Buona;Ore Diurne;2;0;0;1;;;-1;1;Autocarro inferiore 35 q.;In marcia / fermata / arresto;Conducente;M;Illeso;0;;Utilizzato;Inesploso
1865935;12;21/02/2011 09:30;Provinciale;VIA OSTIENSE;da specificare;;;;altezza  GRA direzione Roma centro;Tamponamento;Rettilineo;Una carreggiata a doppio senso;Asciutto;Asfaltata;Verticale ed orizzontale;Nuvoloso;Intenso;Buona;Ore Diurne;2;0;0;1;;;-1;2;Autovettura privata;In marcia / fermata / arresto;Conducente;M;Rimandato;0;NON DECEDUTO;Utilizzato;Inesploso
1865935;12;21/02/2011 09:30;Provinciale;VIA OSTIENSE;da specificare;;;;altezza  GRA direzione Roma centro;Tamponamento;Rettilineo;Una carreggiata a doppio senso;Asciutto;Asfaltata;Verticale ed orizzontale;Nuvoloso;Intenso;Buona;Ore Diurne;2;0;0;1;;;-1;2;Autovettura privata;In marcia / fermata / arresto;Passeggero;F;Rimandato;0;NON DECEDUTO;Utilizzato;Inesploso
1865936;15;20/02/2011 19:30;Strada Urbana;VIA DEL TRULLO;in prossimità;;del civico n. ;159;;Tamponamento Multiplo;Rettilineo;Due carreggiate;Bagnato (pioggia);Asfaltata;Orizzontale;Pioggia in atto;Normale;Sufficiente;Sufficiente;0;0;0;6;;;-1;1;Autocarro inferiore 35 q.;In marcia / fermata / arresto;Conducente;M;Illeso;0;;Utilizzato;Inesistente
1865936;15;20/02/2011 19:30;Strada Urbana;VIA DEL TRULLO;in prossimità;;del civico n. ;159;;Tamponamento Multiplo;Rettilineo;Due carreggiate;Bagnato (pioggia);Asfaltata;Orizzontale;Pioggia in atto;Normale;Sufficiente;Sufficiente;0;0;0;6;;;-1;2;Autovettura privata;In marcia / fermata / arresto;Conducente;M;Illeso;0;;Utilizzato;Inesistente
1865936;15;20/02/2011 19:30;Strada Urbana;VIA DEL TRULLO;in prossimità;;del civico n. ;159;;Tamponamento Multiplo;Rettilineo;Due carreggiate;Bagnato (pioggia);Asfaltata;Orizzontale;Pioggia in atto;Normale;Sufficiente;Sufficiente;0;0;0;6;;;-1;2;Autovettura privata;In marcia / fermata / arresto;Passeggero;M;Illeso;0;;Utilizzato;Inesistente
1865936;15;20/02/2011 19:30;Strada Urbana;VIA DEL TRULLO;in prossimità;;del civico n. ;159;;Tamponamento Multiplo;Rettilineo;Due carreggiate;Bagnato (pioggia);Asfaltata;Orizzontale;Pioggia in atto;Normale;Sufficiente;Sufficiente;0;0;0;6;;;-1;2;Autovettura privata;In marcia / fermata / arresto;Passeggero;M;Illeso;0;;Utilizzato;Inesistente
1865936;15;20/02/2011 19:30;Strada Urbana;VIA DEL TRULLO;in prossimità;;del civico n. ;159;;Tamponamento Multiplo;Rettilineo;Due carreggiate;Bagnato (pioggia);Asfaltata;Orizzontale;Pioggia in atto;Normale;Sufficiente;Sufficiente;0;0;0;6;;;-1;2;Autovettura privata;In marcia / fermata / arresto;Passeggero;M;Illeso;0;;Utilizzato;Inesistente
1865936;15;20/02/2011 19:30;Strada Urbana;VIA DEL TRULLO;in prossimità;;del civico n. ;159;;Tamponamento Multiplo;Rettilineo;Due carreggiate;Bagnato (pioggia);Asfaltata;Orizzontale;Pioggia in atto;Normale;Sufficiente;Sufficiente;0;0;0;6;;;-1;3;Autovettura privata;In marcia / fermata / arresto;Conducente;M;Illeso;0;;Utilizzato;Inesistente
1865937;18;15/02/2011 08:50;Strada Urbana;VIA GREGORIO VII;in prossimità;;del civico n. ;603;;Scontro laterale fra veicoli in marcia;Rettilineo;Più di due carreggiate;Asciutto;Asfaltata;Verticale ed orizzontale;Sereno;Normale;Buona;Ore Diurne;0;0;0;2;;;-1;1;Autocarro inferiore 35 q.;In marcia / fermata / arresto;Conducente;M;Illeso;0;;Esente;Inesistente
1865937;18;15/02/2011 08:50;Strada Urbana;VIA GREGORIO VII;in prossimità;;del civico n. ;603;;Scontro laterale fra veicoli in marcia;Rettilineo;Più di due carreggiate;Asciutto;Asfaltata;Verticale ed orizzontale;Sereno;Normale;Buona;Ore Diurne;0;0;0;2;;;-1;2;Ciclomotore;In marcia / fermata / arresto;Conducente;M;Illeso;0;;Non accertato;Inesistente
1865941;20;19/02/2011 16:45;Strada Urbana;PIAZZA LAURO DE BOSIS;all'intersezione semaforizzata con;PONTE DUCA D'AOSTA;PONTE DUCA D'AOSTA;;;Scontro laterale fra veicoli in marcia;Intersezione semaforizzata;Due carreggiate;Asciutto;Asfaltata;Orizzontale;Sereno;Normale;Buona;Ore Diurne;0;0;0;2;;;-1;1;Autovettura pubblica;In marcia / fermata / arresto;Conducente;M;Illeso;0;;Non accertato;Inesploso
1865941;20;19/02/2011 16:45;Strada Urbana;PIAZZA LAURO DE BOSIS;all'intersezione semaforizzata con;PONTE DUCA D'AOSTA;PONTE DUCA D'AOSTA;;;Scontro laterale fra veicoli in marcia;Intersezione semaforizzata;Due carreggiate;Asciutto;Asfaltata;Orizzontale;Sereno;Normale;Buona;Ore Diurne;0;0;0;2;;;-1;2;Autovettura privata;In marcia / fermata / arresto;Conducente;M;Illeso;0;;Non accertato;Inesploso
1865942;18;15/02/2011 15:15;Strada Urbana;VIA NUOVA DELLE FORNACI;da specificare;;;;prossimità via della Stazione di San Pietro.;Scontro laterale fra veicoli in marcia;Rettilineo;Una carreggiata a senso unico di marcia;Asciutto;Asfaltata;Verticale ed orizzontale;Sereno;Scarso;Buona;Ore Diurne;0;0;0;2;;;-1;1;Motociclo a solo;In marcia / fermata / arresto;Conducente;M;Illeso;0;;Non accertato;Inesistente
1865942;18;15/02/2011 15:15;Strada Urbana;VIA NUOVA DELLE FORNACI;da specificare;;;;prossimità via della Stazione di San Pietro.;Scontro laterale fra veicoli in marcia;Rettilineo;Una carreggiata a senso unico di marcia;Asciutto;Asfaltata;Verticale ed orizzontale;Sereno;Scarso;Buona;Ore Diurne;0;0;0;2;;;-1;2;Autovettura privata;In marcia / fermata / arresto;Conducente;M;Illeso;0;;Non accertato;Inesploso
1865943;18;16/02/2011 11:40;Strada Urbana;VIALE DELLE MURA AURELIE;da specificare;;;;50 mt prima restringimento sx carreggiata;Veicolo in marcia contro ostacolo fisso;Curva a visuale libera;Una carreggiata a senso unico di marcia;Bagnato (pioggia);Asfaltata;Verticale ed orizzontale;Pioggia in atto;Normale;Buona;Ore Diurne;0;0;0;1;;;-1;1;Autovettura privata;In marcia / fermata / arresto;Conducente;F;Illeso;0;;Non accertato;Inesistente
1865944;20;19/02/2011 16:00;Strada Urbana;VIA RUBRA;in prossimità;;del civico n. ;254;;Veicolo in marcia contro veicolo in sosta;Rettilineo;Una carreggiata a doppio senso;Asciutto;Asfaltata;Assente;Sereno;Scarso;Buona;Ore Diurne;0;0;0;1;;;-1;1;Autovettura privata;In marcia / fermata / arresto;Conducente;M;Illeso;0;;Non accertato;Inesploso
1865945;16;15/02/2011 20:30;Strada Urbana;VIA LUDOVICA ALBERTONI;in prossimità;;del civico n. ;90;;Veicolo in marcia contro veicolo fermo;Rettilineo;Una carreggiata a senso unico di marcia;Asciutto;Asfaltata;Assente;Sereno;Normale;Sufficiente;Sufficiente;0;0;0;3;;;-1;1;Autovettura privata;In marcia / fermata / arresto;Conducente;M;Illeso;0;;Non accertato;Inesistente
1865945;16;15/02/2011 20:30;Strada Urbana;VIA LUDOVICA ALBERTONI;in prossimità;;del civico n. ;90;;Veicolo in marcia contro veicolo fermo;Rettilineo;Una carreggiata a senso unico di marcia;Asciutto;Asfaltata;Assente;Sereno;Normale;Sufficiente;Sufficiente;0;0;0;3;;;-1;1;Autovettura privata;In marcia / fermata / arresto;Passeggero;M;Illeso;0;;Non accertato;Inesistente
1865945;16;15/02/2011 20:30;Strada Urbana;VIA LUDOVICA ALBERTONI;in prossimità;;del civico n. ;90;;Veicolo in marcia contro veicolo fermo;Rettilineo;Una carreggiata a senso unico di marcia;Asciutto;Asfaltata;Assente;Sereno;Normale;Sufficiente;Sufficiente;0;0;0;3;;;-1;2;Autovettura privata;In marcia / fermata / arresto;Conducente;M;Illeso;0;;Non accertato;Inesistente
1865946;16;15/02/2011 19:05;Strada Urbana;CIRCONVALLAZIONE GIANICOLENSE;all'intersezione semaforizzata con;VIA LUIGI ZAMBARELLI;VIA LUIGI ZAMBARELLI;;;Scontro frontale/laterale SX fra veicoli in marcia;Intersezione semaforizzata;Più di due carreggiate;Asciutto;Asfaltata;Verticale ed orizzontale;Sereno;Normale;Buona;Sufficiente;1;0;0;1;;;-1;1;Autovettura privata;In marcia / fermata / arresto;Conducente;M;Illeso;0;;Non accertato;Inesistente
1865946;16;15/02/2011 19:05;Strada Urbana;CIRCONVALLAZIONE GIANICOLENSE;all'intersezione semaforizzata con;VIA LUIGI ZAMBARELLI;VIA LUIGI ZAMBARELLI;;;Scontro frontale/laterale SX fra veicoli in marcia;Intersezione semaforizzata;Più di due carreggiate;Asciutto;Asfaltata;Verticale ed orizzontale;Sereno;Normale;Buona;Sufficiente;1;0;0;1;;;-1;2;Motociclo a solo;In marcia / fermata / arresto;Conducente;F;Rimandato;0;NON DECEDUTO;Non accertato;Inesistente
1865947;18;16/02/2011 09:15;Strada Urbana;VIA RISERVA DELLA TORRETTA;da specificare;;;;prossimità via della Maglianella;Veicolo in marcia contro ostacolo accidentale;Rettilineo;Una carreggiata a doppio senso;Bagnato (pioggia);Asfaltata;Verticale ed orizzontale;Pioggia in atto;Normale;Sufficiente;Ore Diurne;1;0;0;0;;;-1;1;Motociclo a solo;In marcia / fermata / arresto;Conducente;M;Rifiuta cure immediate;0;NON DECEDUTO;Non accertato;Inesistente
1865948;2;21/02/2011 12:45;Strada Urbana;VIA DEL FORO ITALICO;in prossimità;;del civico n. ;633;;Tamponamento;Rettilineo;Due carreggiate;Asciutto;Asfaltata;Orizzontale;Sereno;Normale;Buona;Ore Diurne;0;0;1;1;;;-1;1;Autovettura privata;In marcia / fermata / arresto;Conducente;M;Illeso;0;;Non accertato;Inesistente
1865948;2;21/02/2011 12:45;Strada Urbana;VIA DEL FORO ITALICO;in prossimità;;del civico n. ;633;;Tamponamento;Rettilineo;Due carreggiate;Asciutto;Asfaltata;Orizzontale;Sereno;Normale;Buona;Ore Diurne;0;0;1;1;;;-1;2;Motociclo a solo;In marcia / fermata / arresto;Conducente;M;Deceduto sul posto;-1;;Utilizzato;Inesistente
1865949;16;16/02/2011 12:30;Strada Urbana;VIA SILVESTRI;all'intersezione semaforizzata con;VIA DEL FORTE BRAVETTA;VIA DEL FORTE BRAVETTA;;;Scontro frontale/laterale DX fra veicoli in marcia;Intersezione semaforizzata;Una carreggiata a doppio senso;Bagnato (pioggia);Asfaltata;Verticale ed orizzontale;Pioggia in atto;Normale;Buona;Ore Diurne;1;0;0;1;;;-1;1;Autocarro inferiore 35 q.;In marcia / fermata / arresto;Conducente;M;Illeso;0;;Non accertato;Inesistente
1865949;16;16/02/2011 12:30;Strada Urbana;VIA SILVESTRI;all'intersezione semaforizzata con;VIA DEL FORTE BRAVETTA;VIA DEL FORTE BRAVETTA;;;Scontro frontale/laterale DX fra veicoli in marcia;Intersezione semaforizzata;Una carreggiata a doppio senso;Bagnato (pioggia);Asfaltata;Verticale ed orizzontale;Pioggia in atto;Normale;Buona;Ore Diurne;1;0;0;1;;;-1;2;Autovettura privata;In marcia / fermata / arresto;Conducente;M;Rimandato;0;NON DECEDUTO;Non accertato;Inesistente
1865950;12;19/02/2011 21:10;Strada Urbana;VIALE FILIPPO TOMMASO MARINETTI;in prossimità;;del civico n. ;72;;Scontro frontale/laterale SX fra veicoli in marcia;Rettilineo;Due carreggiate;Asciutto;Asfaltata;Orizzontale;Sereno;Scarso;Sufficiente;Sufficiente;1;0;0;3;;;-1;1;Autovettura privata;In marcia / fermata / arresto;Passeggero;M;Illeso;0;;Utilizzato;Inesploso
1865950;12;19/02/2011 21:10;Strada Urbana;VIALE FILIPPO TOMMASO MARINETTI;in prossimità;;del civico n. ;72;;Scontro frontale/laterale SX fra veicoli in marcia;Rettilineo;Due carreggiate;Asciutto;Asfaltata;Orizzontale;Sereno;Scarso;Sufficiente;Sufficiente;1;0;0;3;;;-1;1;Autovettura privata;In marcia / fermata / arresto;Conducente;M;Illeso;0;;Utilizzato;Inesploso
1865950;12;19/02/2011 21:10;Strada Urbana;VIALE FILIPPO TOMMASO MARINETTI;in prossimità;;del civico n. ;72;;Scontro frontale/laterale SX fra veicoli in marcia;Rettilineo;Due carreggiate;Asciutto;Asfaltata;Orizzontale;Sereno;Scarso;Sufficiente;Sufficiente;1;0;0;3;;;-1;1;Autovettura privata;In marcia / fermata / arresto;Passeggero;M;Illeso;0;;Utilizzato;Inesploso
1865950;12;19/02/2011 21:10;Strada Urbana;VIALE FILIPPO TOMMASO MARINETTI;in prossimità;;del civico n. ;72;;Scontro frontale/laterale SX fra veicoli in marcia;Rettilineo;Due carreggiate;Asciutto;Asfaltata;Orizzontale;Sereno;Scarso;Sufficiente;Sufficiente;1;0;0;3;;;-1;2;Autovettura privata;In marcia / fermata / arresto;Conducente;F;Rimandato;0;NON DECEDUTO;Utilizzato;Inesploso
1865951;18;16/02/2011 09:45;Strada Urbana;VIA DI BOCCEA;in prossimità;;del fronte civico n. ;711;;Veicolo in marcia contro ostacolo accidentale;Rettilineo;Una carreggiata a doppio senso;Bagnato (pioggia);Asfaltata;Verticale ed orizzontale;Pioggia in atto;Intenso;Buona;Ore Diurne;0;0;0;2;;;-1;1;Autovettura privata;In marcia / fermata / arresto;Conducente;M;Illeso;0;;Non accertato;Inesploso
1865951;18;16/02/2011 09:45;Strada Urbana;VIA DI BOCCEA;in prossimità;;del fronte civico n. ;711;;Veicolo in marcia contro ostacolo accidentale;Rettilineo;Una carreggiata a doppio senso;Bagnato (pioggia);Asfaltata;Verticale ed orizzontale;Pioggia in atto;Intenso;Buona;Ore Diurne;0;0;0;2;;;-1;1;Autovettura privata;In marcia / fermata / arresto;Passeggero;F;Illeso;0;;Non accertato;Inesploso
1865952;16;16/02/2011 07:45;Strada Urbana;VIA DI BRAVETTA;all'intersezione semaforizzata con;VIA DEI MARCELLINI;VIA DEI MARCELLINI;;;Scontro frontale/laterale SX fra veicoli in marcia;Intersezione semaforizzata;Una carreggiata a doppio senso;Bagnato (pioggia);Asfaltata;Verticale ed orizzontale;Pioggia in atto;Normale;Sufficiente;Ore Diurne;0;0;0;4;;;-1;1;Autovettura privata;In marcia / fermata / arresto;Conducente;F;Illeso;0;;Non accertato;Inesistente
1865952;16;16/02/2011 07:45;Strada Urbana;VIA DI BRAVETTA;all'intersezione semaforizzata con;VIA DEI MARCELLINI;VIA DEI MARCELLINI;;;Scontro frontale/laterale SX fra veicoli in marcia;Intersezione semaforizzata;Una carreggiata a doppio senso;Bagnato (pioggia);Asfaltata;Verticale ed orizzontale;Pioggia in atto;Normale;Sufficiente;Ore Diurne;0;0;0;4;;;-1;1;Autovettura privata;In marcia / fermata / arresto;Passeggero;M;Illeso;0;;Non accertato;Inesistente
1865952;16;16/02/2011 07:45;Strada Urbana;VIA DI BRAVETTA;all'intersezione semaforizzata con;VIA DEI MARCELLINI;VIA DEI MARCELLINI;;;Scontro frontale/laterale SX fra veicoli in marcia;Intersezione semaforizzata;Una carreggiata a doppio senso;Bagnato (pioggia);Asfaltata;Verticale ed orizzontale;Pioggia in atto;Normale;Sufficiente;Ore Diurne;0;0;0;4;;;-1;2;Autovettura privata;In marcia / fermata / arresto;Conducente;M;Illeso;0;;Non accertato;Inesistente
1865952;16;16/02/2011 07:45;Strada Urbana;VIA DI BRAVETTA;all'intersezione semaforizzata con;VIA DEI MARCELLINI;VIA DEI MARCELLINI;;;Scontro frontale/laterale SX fra veicoli in marcia;Intersezione semaforizzata;Una carreggiata a doppio senso;Bagnato (pioggia);Asfaltata;Verticale ed orizzontale;Pioggia in atto;Normale;Sufficiente;Ore Diurne;0;0;0;4;;;-1;2;Autovettura privata;In marcia / fermata / arresto;Passeggero;M;Illeso;0;;Non accertato;Inesistente
1865953;12;19/02/2011 04:00;Strada Urbana;VIA DI TOR PAGNOTTA;da specificare;;;;ROTATORIA  CECCHIGNOLA;Fuoriuscita dalla sede stradale;Rotatoria;Una carreggiata a senso unico di marcia;Asciutto;Asfaltata;Orizzontale;Sereno;Scarso;Buona;Sufficiente;0;0;0;1;;;-1;1;Autovettura privata;In marcia / fermata / arresto;Conducente;M;Illeso;0;;Utilizzato;Inesploso
1865954;12;20/02/2011 06:50;Provinciale;VIA OSTIENSE;da specificare;;;;km.  9.400;Veicolo in marcia contro ostacolo fisso;Rettilineo;Una carreggiata a doppio senso;Asciutto;Asfaltata;Verticale ed orizzontale;Sereno;Scarso;Buona;Inesistente;1;0;0;0;;;-1;1;Autovettura privata;In marcia / fermata / arresto;Conducente;M;Rimandato;0;NON DECEDUTO;Utilizzato;Esploso
1865955;18;19/02/2011 16:20;Strada Urbana;VIALE DI VALLE AURELIA;in corrispondenza;;del civico n. ;93;;Investimento di pedone;Rettilineo;Una carreggiata a senso unico di marcia;Asciutto;Asfaltata;Verticale ed orizzontale;Sereno;Normale;Buona;Ore Diurne;2;0;0;0;;;-1;;;;Pedone;F;Ricoverato;0;NON DECEDUTO;;
1865955;18;19/02/2011 16:20;Strada Urbana;VIALE DI VALLE AURELIA;in corrispondenza;;del civico n. ;93;;Investimento di pedone;Rettilineo;Una carreggiata a senso unico di marcia;Asciutto;Asfaltata;Verticale ed orizzontale;Sereno;Normale;Buona;Ore Diurne;2;0;0;0;;;-1;1;Motociclo a solo;In marcia / fermata / arresto;Conducente;M;Rifiuta cure immediate;0;NON DECEDUTO;Non accertato;Inesistente
1865956;12;20/02/2011 21:05;Strada Urbana;VIALE ASIA;da specificare;;;; VIA CRISTOFORO COLOMBO (LATERALE);Scontro frontale/laterale DX fra veicoli in marcia;Rettilineo;Due carreggiate;Bagnato (pioggia);Asfaltata;Verticale ed orizzontale;Pioggia in atto;Scarso;Buona;Sufficiente;1;0;0;2;;;-1;1;Autovettura privata;In marcia / fermata / arresto;Conducente;F;Rimandato;0;NON DECEDUTO;Utilizzato;Inesistente
1865956;12;20/02/2011 21:05;Strada Urbana;VIALE ASIA;da specificare;;;; VIA CRISTOFORO COLOMBO (LATERALE);Scontro frontale/laterale DX fra veicoli in marcia;Rettilineo;Due carreggiate;Bagnato (pioggia);Asfaltata;Verticale ed orizzontale;Pioggia in atto;Scarso;Buona;Sufficiente;1;0;0;2;;;-1;2;Autovettura privata;In marcia / fermata / arresto;Conducente;F;Illeso;0;;Utilizzato;Inesploso
1865956;12;20/02/2011 21:05;Strada Urbana;VIALE ASIA;da specificare;;;; VIA CRISTOFORO COLOMBO (LATERALE);Scontro frontale/laterale DX fra veicoli in marcia;Rettilineo;Due carreggiate;Bagnato (pioggia);Asfaltata;Verticale ed orizzontale;Pioggia in atto;Scarso;Buona;Sufficiente;1;0;0;2;;;-1;2;Autovettura privata;In marcia / fermata / arresto;Passeggero;F;Illeso;0;;Utilizzato;Inesploso
1865957;7;21/02/2011 15:30;Strada Urbana;VIALE PALMIRO TOGLIATTI;all'intersezione semaforizzata con;VIA DEI GELSI;VIA DEI GELSI;;;Scontro frontale/laterale SX fra veicoli in marcia;Intersezione semaforizzata;Una carreggiata a senso unico di marcia;Asciutto;Asfaltata;Verticale ed orizzontale;Sereno;Normale;Buona;Ore Diurne;0;0;0;2;;;-1;1;Autovettura privata;In marcia / fermata / arresto;Conducente;M;Illeso;0;;Non accertato;Inesistente
1865957;7;21/02/2011 15:30;Strada Urbana;VIALE PALMIRO TOGLIATTI;all'intersezione semaforizzata con;VIA DEI GELSI;VIA DEI GELSI;;;Scontro frontale/laterale SX fra veicoli in marcia;Intersezione semaforizzata;Una carreggiata a senso unico di marcia;Asciutto;Asfaltata;Verticale ed orizzontale;Sereno;Normale;Buona;Ore Diurne;0;0;0;2;;;-1;2;Autocarro inferiore 35 q.;In marcia / fermata / arresto;Conducente;M;Illeso;0;;Non accertato;Inesistente
1865958;12;20/02/2011 13:00;Strada Urbana;VIA BENIAMINO SEGRE;da specificare;;;;ALT. CIV.  17;Veicolo in marcia contro veicolo in sosta;Rettilineo;Una carreggiata a doppio senso;Asciutto;Asfaltata;Assente;Sereno;Scarso;Buona;Ore Diurne;0;0;0;6;;;-1;1;Autovettura privata;Sosta;Passeggero;F;Illeso;0;;Utilizzato;Inesistente
1865958;12;20/02/2011 13:00;Strada Urbana;VIA BENIAMINO SEGRE;da specificare;;;;ALT. CIV.  17;Veicolo in marcia contro veicolo in sosta;Rettilineo;Una carreggiata a doppio senso;Asciutto;Asfaltata;Assente;Sereno;Scarso;Buona;Ore Diurne;0;0;0;6;;;-1;1;Autovettura privata;Sosta;Passeggero;F;Illeso;0;;Utilizzato;Inesistente
1865958;12;20/02/2011 13:00;Strada Urbana;VIA BENIAMINO SEGRE;da specificare;;;;ALT. CIV.  17;Veicolo in marcia contro veicolo in sosta;Rettilineo;Una carreggiata a doppio senso;Asciutto;Asfaltata;Assente;Sereno;Scarso;Buona;Ore Diurne;0;0;0;6;;;-1;1;Autovettura privata;Sosta;Passeggero;F;Illeso;0;;Utilizzato;Inesistente
1865958;12;20/02/2011 13:00;Strada Urbana;VIA BENIAMINO SEGRE;da specificare;;;;ALT. CIV.  17;Veicolo in marcia contro veicolo in sosta;Rettilineo;Una carreggiata a doppio senso;Asciutto;Asfaltata;Assente;Sereno;Scarso;Buona;Ore Diurne;0;0;0;6;;;-1;2;Autovettura privata;In marcia / fermata / arresto;Conducente;F;Illeso;0;;Utilizzato;Inesploso
1865958;12;20/02/2011 13:00;Strada Urbana;VIA BENIAMINO SEGRE;da specificare;;;;ALT. CIV.  17;Veicolo in marcia contro veicolo in sosta;Rettilineo;Una carreggiata a doppio senso;Asciutto;Asfaltata;Assente;Sereno;Scarso;Buona;Ore Diurne;0;0;0;6;;;-1;2;Autovettura privata;In marcia / fermata / arresto;Passeggero;F;Illeso;0;;Utilizzato;Inesploso
1865958;12;20/02/2011 13:00;Strada Urbana;VIA BENIAMINO SEGRE;da specificare;;;;ALT. CIV.  17;Veicolo in marcia contro veicolo in sosta;Rettilineo;Una carreggiata a doppio senso;Asciutto;Asfaltata;Assente;Sereno;Scarso;Buona;Ore Diurne;0;0;0;6;;;-1;2;Autovettura privata;In marcia / fermata / arresto;Passeggero;M;Illeso;0;;Utilizzato;Inesploso